City_ID,City,Country,Date,Lat,Lng,Max Temp,Humidity,Cloudiness,Wind Speed
0,Concordia,AR,2022-01-24 16:39:32,-31.393,-58.0209,86.07,66,100,16.11
1,Ust-Tsilma,RU,2022-01-24 16:39:33,65.441,52.1498,21.83,93,100,10.42
2,Nouakchott,MR,2022-01-24 16:36:39,18.0858,-15.9785,89.53,22,99,15.9
3,Qaqortoq,GL,2022-01-24 16:39:33,60.7167,-46.0333,30.7,92,100,7.72
4,Hualmay,PE,2022-01-24 16:39:34,-11.0964,-77.6139,76.71,72,43,9.89
5,Atuona,PF,2022-01-24 16:39:34,-9.8,-139.0333,78.12,76,9,18.05
6,Saskylakh,RU,2022-01-24 16:39:34,71.9167,114.0833,-13.04,96,97,5.1
7,Porteirinha,BR,2022-01-24 16:39:35,-15.7433,-43.0283,84.94,52,68,5.55
8,Avarua,CK,2022-01-24 16:36:45,-21.2078,-159.775,78.85,94,3,12.66
9,Mount Isa,AU,2022-01-24 16:39:36,-20.7333,139.5,74.97,100,75,8.05
10,Mataura,NZ,2022-01-24 16:39:36,-46.1927,168.8643,41.86,98,71,1.25
11,Sao Luiz Gonzaga,BR,2022-01-24 16:39:36,-28.4083,-54.9608,104.86,20,21,3.22
12,Ushuaia,AR,2022-01-24 16:35:08,-54.8,-68.3,51.42,76,75,8.05
13,Jamestown,US,2022-01-24 16:39:08,42.097,-79.2353,18.72,54,100,7.0
14,Yarkovo,RU,2022-01-24 16:39:37,57.4028,67.0786,12.67,89,100,7.58
15,Cherskiy,RU,2022-01-24 16:39:38,68.75,161.3,-27.36,99,100,7.67
16,Teluk Nibung,ID,2022-01-24 16:39:38,3.001,99.8164,75.27,93,100,4.56
17,Hithadhoo,MV,2022-01-24 16:36:04,-0.6,73.0833,81.52,74,78,11.07
18,Port Blair,IN,2022-01-24 16:39:38,11.6667,92.75,75.24,83,40,2.3
19,Dekernes,EG,2022-01-24 16:39:39,31.0876,31.595,55.29,54,99,3.85
20,Adrar,MR,2022-01-24 16:39:39,20.5022,-10.0711,81.64,12,98,12.19
21,Rikitea,PF,2022-01-24 16:39:40,-23.1203,-134.9692,78.33,72,100,19.33
22,Hilo,US,2022-01-24 16:39:40,19.7297,-155.09,67.24,81,0,6.91
23,Saint-Augustin,CA,2022-01-24 16:39:40,51.226,-58.6502,18.68,81,97,4.09
24,Tiksi,RU,2022-01-24 16:39:41,71.6872,128.8694,-9.87,97,100,3.47
25,Soyo,AO,2022-01-24 16:39:41,-6.1349,12.3689,82.45,76,3,11.48
26,Hobart,AU,2022-01-24 16:39:12,-42.8794,147.3294,62.46,86,100,5.75
27,Vanimo,PG,2022-01-24 16:39:42,-2.6741,141.3028,77.36,84,97,2.35
28,El Cobre,CU,2022-01-24 16:39:42,20.0489,-75.9469,81.84,65,20,4.61
29,Clyde River,CA,2022-01-24 16:39:43,70.4692,-68.5914,-1.97,84,100,24.16
30,Katsuura,JP,2022-01-24 16:36:05,35.1333,140.3,39.31,62,4,13.13
31,Saint-Philippe,RE,2022-01-24 16:39:43,-21.3585,55.7679,78.39,74,96,16.82
32,Hermanus,ZA,2022-01-24 16:39:44,-34.4187,19.2345,77.9,79,39,8.23
33,Tuktoyaktuk,CA,2022-01-24 16:39:44,69.4541,-133.0374,3.2,85,20,16.11
34,Airai,TL,2022-01-24 16:39:45,-8.9266,125.4092,61.57,89,97,1.97
35,Victoria,HK,2022-01-24 16:39:03,22.2855,114.1577,67.98,88,98,1.01
36,Carroll,US,2022-01-24 16:39:45,39.5501,-77.0164,36.45,51,0,3.0
37,Isangel,VU,2022-01-24 16:39:46,-19.55,169.2667,79.83,85,33,3.42
38,Tomatlan,MX,2022-01-24 16:39:46,19.9333,-105.25,77.54,48,98,2.13
39,Makat,KZ,2022-01-24 16:39:46,47.6469,53.3463,17.58,84,86,15.66
40,Punta Arenas,CL,2022-01-24 16:39:47,-53.15,-70.9167,59.11,47,0,27.63
41,Georgetown,MY,2022-01-24 16:36:15,5.4112,100.3354,82.33,92,20,3.0
42,Carnarvon,AU,2022-01-24 16:39:47,-24.8667,113.6333,77.07,78,0,21.85
43,Provideniya,RU,2022-01-24 16:39:48,64.3833,-173.3,-1.86,99,98,6.62
44,Havoysund,NO,2022-01-24 16:40:48,70.9963,24.6622,28.63,69,100,38.07
45,Kapaa,US,2022-01-24 16:40:49,22.0752,-159.319,71.92,73,0,12.66
46,Padang,ID,2022-01-24 16:40:49,-0.9492,100.3543,77.05,79,100,2.62
47,Kirakira,SB,2022-01-24 16:40:49,-10.4544,161.9205,79.99,85,70,4.99
48,Isiro,CD,2022-01-24 16:40:50,2.7739,27.616,74.26,49,75,1.72
49,Srednekolymsk,RU,2022-01-24 16:40:50,67.45,153.6833,-27.47,99,99,6.78
50,Saldanha,ZA,2022-01-24 16:40:51,-33.0117,17.9442,75.25,84,17,24.49
51,Aksarka,RU,2022-01-24 16:40:51,66.5606,67.7975,-3.73,100,76,8.95
52,Tiznit,MA,2022-01-24 16:40:51,29.5833,-9.5,60.31,67,13,10.2
53,Geraldton,AU,2022-01-24 16:40:52,-28.7667,114.6,72.01,60,1,11.5
54,Iqaluit,CA,2022-01-24 16:40:52,63.7506,-68.5145,-13.27,69,100,5.99
55,Luderitz,NA,2022-01-24 16:40:53,-26.6481,15.1594,81.01,55,46,18.92
56,Busselton,AU,2022-01-24 16:40:53,-33.65,115.3333,61.09,81,2,9.98
57,Port Hardy,CA,2022-01-24 16:40:53,50.6996,-127.4199,37.76,100,100,2.3
58,Muisne,EC,2022-01-24 16:40:54,0.6,-80.0333,78.35,87,98,9.64
59,Changji,CN,2022-01-24 16:40:54,44.0167,87.3167,12.99,92,100,2.24
60,Upernavik,GL,2022-01-24 16:40:54,72.7868,-56.1549,-6.54,75,79,8.77
61,Hamilton,US,2022-01-24 16:39:26,39.1834,-84.5333,32.59,73,100,3.0
62,Vaini,TO,2022-01-24 16:40:55,-21.2,-175.2,77.16,88,20,3.44
63,Vestmannaeyjar,IS,2022-01-24 16:40:55,63.4427,-20.2734,40.19,81,75,13.8
64,Tubuala,PA,2022-01-24 16:40:56,9.5167,-79.0333,89.56,69,98,12.57
65,Margate,GB,2022-01-24 16:40:56,51.3813,1.3862,40.3,79,62,1.01
66,Pirovskoye,RU,2022-01-24 16:40:57,57.6267,92.2658,9.34,95,100,6.82
67,Muhammadabad,IN,2022-01-24 16:40:57,25.6333,83.75,57.88,85,5,7.16
68,Matai,TZ,2022-01-24 16:40:57,-8.3,31.5167,60.12,96,91,2.06
69,Ambon,ID,2022-01-24 16:37:03,-3.6954,128.1814,77.14,94,20,3.44
70,Kousseri,CM,2022-01-24 16:40:58,12.0769,15.0306,85.96,8,0,12.66
71,Albany,US,2022-01-24 16:40:59,42.6001,-73.9662,24.8,59,12,1.97
72,Cuicatlan,MX,2022-01-24 16:40:59,17.8,-96.9667,80.47,52,3,1.63
73,Olinda,BR,2022-01-24 16:40:59,-8.0089,-34.8553,85.73,62,40,8.05
74,Rundu,NA,2022-01-24 16:41:00,-17.9333,19.7667,77.83,42,57,6.8
75,Tagab,AF,2022-01-24 16:41:00,34.855,69.6492,33.87,29,0,5.32
76,Honiara,SB,2022-01-24 16:41:01,-9.4333,159.95,79.2,88,60,4.72
77,Nanortalik,GL,2022-01-24 16:41:01,60.1432,-45.2371,27.79,93,100,6.78
78,Fairbanks,US,2022-01-24 16:36:43,64.8378,-147.7164,39.54,79,75,10.36
79,Polunochnoye,RU,2022-01-24 16:41:01,60.8697,60.4153,2.32,94,36,4.29
80,Qaanaaq,GL,2022-01-24 16:41:02,77.484,-69.3632,-10.5,91,94,7.14
81,Faanui,PF,2022-01-24 16:41:02,-16.4833,-151.75,80.85,75,100,11.07
82,Barrow,US,2022-01-24 16:41:03,71.2906,-156.7887,6.82,78,100,26.46
83,Klaksvik,FO,2022-01-24 16:41:03,62.2266,-6.589,40.12,69,99,14.32
84,Kodiak,US,2022-01-24 16:41:04,57.79,-152.4072,42.31,81,100,12.66
85,Egvekinot,RU,2022-01-24 16:41:04,66.3167,-179.1667,-23.53,86,8,11.83
86,Castro,BR,2022-01-24 16:41:05,-24.7911,-50.0119,87.73,42,0,5.37
87,Port Elizabeth,ZA,2022-01-24 16:37:55,-33.918,25.5701,77.09,83,0,32.21
88,Henties Bay,NA,2022-01-24 16:41:05,-22.116,14.2845,77.86,70,6,11.18
89,Grand Gaube,MU,2022-01-24 16:42:06,-20.0064,57.6608,79.2,71,53,8.99
90,Husavik,IS,2022-01-24 16:42:06,66.0449,-17.3389,31.91,82,55,10.42
91,Halifax,CA,2022-01-24 16:41:49,44.6453,-63.5724,29.08,85,100,5.01
92,Vila Velha,BR,2022-01-24 16:42:07,-20.3297,-40.2925,90.45,63,20,5.01
93,Arraial Do Cabo,BR,2022-01-24 16:42:07,-22.9661,-42.0278,87.76,62,0,19.57
94,Shingu,JP,2022-01-24 16:42:07,33.7333,135.9833,39.16,65,62,4.54
95,Tambun,ID,2022-01-24 16:42:08,-6.2641,107.0712,84.49,75,99,8.28
96,Alofi,NU,2022-01-24 16:42:08,-19.0595,-169.9187,71.49,94,75,1.14
97,Pointe Michel,DM,2022-01-24 16:42:09,15.25,-61.3833,85.14,54,20,3.44
98,Taoudenni,ML,2022-01-24 16:42:09,22.6783,-3.9836,79.65,12,38,11.52
99,Arlit,NE,2022-01-24 16:42:10,18.7369,7.3853,70.88,12,57,18.81
100,Puerto Ayora,EC,2022-01-24 16:42:10,-0.7393,-90.3518,80.56,75,93,9.1
101,Mount Gambier,AU,2022-01-24 16:42:10,-37.8333,140.7667,66.11,72,100,4.61
102,Bukama,CD,2022-01-24 16:42:11,-9.2,25.85,71.69,91,72,1.9
103,Grindavik,IS,2022-01-24 16:42:11,63.8424,-22.4338,36.07,93,100,11.5
104,Dikson,RU,2022-01-24 16:42:12,73.5069,80.5464,10.11,92,100,27.67
105,Samandag,TR,2022-01-24 16:42:12,36.0842,35.9771,39.72,68,66,7.29
106,Fatehpur,IN,2022-01-24 16:42:12,25.9333,80.8,54.45,63,11,7.74
107,Garowe,SO,2022-01-24 16:42:13,8.4054,48.4845,76.3,34,5,16.69
108,Banjar,ID,2022-01-24 16:42:13,-8.19,114.9675,82.26,82,17,3.78
109,Northam,GB,2022-01-24 16:42:14,51.0333,-4.2167,45.01,87,98,7.67
110,Kostomuksha,RU,2022-01-24 16:42:14,64.571,30.5767,32.49,94,100,13.2
111,Khandyga,RU,2022-01-24 16:42:14,62.6667,135.6,-20.16,99,100,3.06
112,Houma,US,2022-01-24 16:40:03,29.5958,-90.7195,57.0,49,0,0.0
113,Letlhakane,BW,2022-01-24 16:42:15,-21.4167,25.5833,77.11,49,84,8.52
114,Tasiilaq,GL,2022-01-24 16:42:15,65.6145,-37.6368,19.56,61,100,14.0
115,Nikolskoye,RU,2022-01-24 16:42:16,59.7035,30.7861,33.71,92,100,12.17
116,Isparta,TR,2022-01-24 16:42:16,38.0,31.0,18.36,84,60,7.7
117,Ames,US,2022-01-24 16:40:02,42.0347,-93.6199,33.03,87,100,5.99
118,Jawhar,SO,2022-01-24 16:42:17,2.7809,45.5005,76.05,68,29,20.24
119,Nyurba,RU,2022-01-24 16:42:17,63.2842,118.3319,-7.04,100,100,3.58
120,Komsomolskiy,UZ,2022-01-24 16:42:18,40.4272,71.7189,33.22,74,50,4.61
121,Chuy,UY,2022-01-24 16:42:18,-33.6971,-53.4616,83.95,64,47,7.52
122,Cayenne,GF,2022-01-24 16:42:18,4.9333,-52.3333,74.08,92,75,3.0
123,Puerto Quijarro,BO,2022-01-24 16:42:19,-17.7833,-57.7667,104.63,28,40,1.88
124,Gogrial,SS,2022-01-24 16:42:19,8.5332,28.1004,84.42,20,73,5.73
125,Bluff,NZ,2022-01-24 16:42:20,-46.6,168.3333,50.97,83,100,9.62
126,Rabo De Peixe,PT,2022-01-24 16:42:20,37.8,-25.5833,62.11,55,20,11.5
127,Camacha,PT,2022-01-24 16:42:21,33.0833,-16.3333,62.02,59,75,11.5
128,Humaita,BR,2022-01-24 16:42:21,-7.5061,-63.0208,86.45,73,91,3.8
129,Tateyama,JP,2022-01-24 16:42:21,34.9833,139.8667,40.1,55,37,11.63
130,Bengkulu,ID,2022-01-24 16:42:22,-3.8004,102.2655,77.05,84,100,3.47
131,Ixtapa,MX,2022-01-24 16:42:22,20.7,-105.2,74.23,81,93,1.99
132,Vila Do Maio,CV,2022-01-24 16:42:22,15.1333,-23.2167,81.39,74,68,9.19
133,Butaritari,KI,2022-01-24 16:42:23,3.0707,172.7902,82.15,70,53,14.94
134,Nadvoitsy,RU,2022-01-24 16:42:23,63.8667,34.3167,33.87,91,100,15.66
135,Pisco,PE,2022-01-24 16:42:24,-13.7,-76.2167,76.01,68,0,9.22
136,Bredasdorp,ZA,2022-01-24 16:43:24,-34.5322,20.0403,72.72,73,8,13.8
137,Villazon,BO,2022-01-24 16:43:24,-22.0866,-65.5942,54.95,65,100,7.85
138,Bethel,US,2022-01-24 16:43:25,41.3712,-73.414,30.92,64,20,3.0
139,Ginda,IN,2022-01-24 16:43:25,30.6945,78.4932,34.32,75,96,6.73
140,Ponta Do Sol,PT,2022-01-24 16:43:26,32.6667,-17.1,63.23,78,92,6.02
141,Abeokuta,NG,2022-01-24 16:43:26,7.15,3.35,89.15,15,0,0.2
142,San Patricio,US,2022-01-24 16:43:26,28.017,-97.5169,53.89,90,100,10.27
143,Khatanga,RU,2022-01-24 16:43:27,71.9667,102.5,-0.4,95,98,14.07
144,Mecca,SA,2022-01-24 16:43:27,21.4267,39.8261,71.13,46,9,9.73
145,Cidreira,BR,2022-01-24 16:43:27,-30.1811,-50.2056,84.29,71,34,9.26
146,Fortuna,US,2022-01-24 16:43:28,40.5982,-124.1573,39.54,55,22,2.98
147,Avera,US,2022-01-24 16:41:47,33.194,-82.5271,53.71,47,0,8.84
148,Mar Del Plata,AR,2022-01-24 16:40:52,-38.0023,-57.5575,87.82,80,75,5.99
149,Burnie,AU,2022-01-24 16:43:29,-41.0667,145.9167,62.94,90,87,8.21
150,Bara,NG,2022-01-24 16:43:29,10.3744,10.7288,87.58,15,0,8.46
151,Wanning,CN,2022-01-24 16:43:29,18.8003,110.3967,71.47,90,15,3.85
152,Cape Town,ZA,2022-01-24 16:42:03,-33.9258,18.4232,75.11,72,40,8.01
153,Thompson,CA,2022-01-24 16:42:14,55.7435,-97.8558,-23.64,69,20,9.22
154,Yantai,CN,2022-01-24 16:43:30,37.5333,121.4,32.16,64,65,10.31
155,Mahebourg,MU,2022-01-24 16:43:31,-20.4081,57.7,79.09,69,40,14.97
156,Yuzhou,CN,2022-01-24 16:43:31,34.1628,113.4639,32.27,83,20,3.09
157,Kavieng,PG,2022-01-24 16:43:31,-2.5744,150.7967,82.08,75,85,6.76
158,Tokur,RU,2022-01-24 16:43:32,53.1333,132.9,-23.67,100,84,2.51
159,Dunedin,NZ,2022-01-24 16:43:32,-45.8742,170.5036,57.79,93,80,3.06
160,Zlynka,RU,2022-01-24 16:43:33,52.4267,31.7378,22.78,99,68,5.3
161,Jumla,NP,2022-01-24 16:43:33,29.2747,82.1838,30.63,90,99,5.21
162,Asau,RO,2022-01-24 16:43:33,46.4333,26.4,18.75,78,99,3.6
163,Indramayu,ID,2022-01-24 16:43:34,-6.3264,108.32,80.4,85,99,10.04
164,Champerico,GT,2022-01-24 16:43:34,14.3,-91.9167,88.36,60,1,6.33
165,Chokurdakh,RU,2022-01-24 16:43:34,70.6333,147.9167,-18.92,99,100,5.3
166,Sindor,RU,2022-01-24 16:43:35,62.8629,51.8905,18.86,94,100,10.42
167,Korla,CN,2022-01-24 16:39:11,41.7597,86.1469,26.89,56,100,1.63
168,Fagersta,SE,2022-01-24 16:43:35,60.0042,15.7932,39.69,88,14,6.4
169,Derzhavinsk,KZ,2022-01-24 16:43:36,51.1,66.3167,-4.79,96,5,4.92
170,Kalna,IN,2022-01-24 16:43:36,23.2167,88.3667,69.94,86,27,2.33
171,San Roque,ES,2022-01-24 16:43:37,36.2107,-5.3842,58.01,82,100,25.32
172,Kongolo,CD,2022-01-24 16:43:37,-5.3833,27.0,72.91,90,99,0.89
173,Partenit,UA,2022-01-24 16:43:38,44.578,34.3446,28.2,75,87,8.63
174,Manjeshwar,IN,2022-01-24 16:43:38,12.7194,74.8861,76.15,67,29,7.05
175,Muros,ES,2022-01-24 16:43:26,42.7762,-9.0603,55.9,68,35,2.91
176,Kennett,US,2022-01-24 16:43:39,36.2362,-90.0556,50.23,61,0,21.85
177,Jishu,CN,2022-01-24 16:43:39,44.3167,126.8,-2.16,99,93,2.1
178,Neyshabur,IR,2022-01-24 16:42:36,36.2133,58.7958,38.5,25,16,3.22
179,Guerrero Negro,MX,2022-01-24 16:43:39,27.9769,-114.0611,63.48,52,0,8.43
180,Port Alfred,ZA,2022-01-24 16:43:40,-33.5906,26.891,74.43,76,8,12.19
181,Tual,ID,2022-01-24 16:43:40,-5.6667,132.75,83.34,78,99,13.06
182,New Norfolk,AU,2022-01-24 16:44:41,-42.7826,147.0587,62.1,68,99,0.27
183,Fare,PF,2022-01-24 16:44:41,-16.7,-151.0167,80.56,76,100,12.39
184,Aras,ES,2022-01-24 16:44:41,42.5617,-2.356,48.0,66,0,6.91
185,Prince Rupert,CA,2022-01-24 16:44:42,54.3161,-130.3201,38.89,99,75,3.44
186,Kiama,AU,2022-01-24 16:44:42,-34.6833,150.8667,70.57,84,95,1.99
187,Batemans Bay,AU,2022-01-24 16:44:43,-35.7167,150.1833,67.91,92,93,3.49
188,Okha,RU,2022-01-24 16:44:43,53.5739,142.9478,-6.5,98,99,10.36
189,Narsaq,GL,2022-01-24 16:44:43,60.9167,-46.05,30.42,95,100,8.1
190,Pevek,RU,2022-01-24 16:44:44,69.7008,170.3133,-17.18,98,100,8.23
191,Heihe,CN,2022-01-24 16:44:44,50.2441,127.4902,-5.22,100,98,1.01
192,Sorong,ID,2022-01-24 16:44:45,-0.8833,131.25,80.65,82,57,6.85
193,Baykit,RU,2022-01-24 16:44:45,61.67,96.37,-4.88,100,93,2.04
194,Paamiut,GL,2022-01-24 16:44:45,61.994,-49.6678,27.75,96,100,13.09
195,Bismarck,US,2022-01-24 16:44:46,46.8083,-100.7837,5.86,83,100,10.36
196,Kapit,MY,2022-01-24 16:44:46,2.0167,112.9333,72.59,100,100,0.58
197,East London,ZA,2022-01-24 16:44:47,-33.0153,27.9116,72.54,78,0,14.97
198,Pedernales,DO,2022-01-24 16:44:47,18.0384,-71.744,80.01,58,0,6.73
199,Sitka,US,2022-01-24 16:44:12,57.0531,-135.33,35.49,93,100,3.44
200,Ribeira Grande,PT,2022-01-24 16:44:47,38.5167,-28.7,63.0,59,20,5.75
201,Lavrentiya,RU,2022-01-24 16:44:48,65.5833,-171.0,5.59,93,100,4.47
202,Caravelas,BR,2022-01-24 16:44:48,-17.7125,-39.2481,84.2,61,94,8.34
203,Sibolga,ID,2022-01-24 16:44:49,1.7427,98.7792,76.71,81,97,2.37
204,Sinnamary,GF,2022-01-24 16:44:49,5.3833,-52.95,77.58,85,96,10.67
205,Yabrud,SY,2022-01-24 16:44:49,33.9674,36.6574,33.46,69,17,2.89
206,Baykalsk,RU,2022-01-24 16:44:50,51.5058,104.1469,13.14,95,100,1.99
207,Kavaratti,IN,2022-01-24 16:44:50,10.5669,72.642,79.09,60,100,12.84
208,Batagay-Alyta,RU,2022-01-24 16:44:51,67.8006,130.4114,-15.77,99,97,2.98
209,Igarka,RU,2022-01-24 16:44:51,67.4667,86.5833,-11.15,99,100,8.08
210,Yar-Sale,RU,2022-01-24 16:44:51,66.8333,70.8333,0.12,95,7,11.1
211,Moree,AU,2022-01-24 16:44:52,-29.4667,149.85,73.42,64,84,12.66
212,Cuamba,MZ,2022-01-24 16:44:52,-14.8031,36.5372,67.42,98,100,17.47
213,Ancud,CL,2022-01-24 16:44:53,-41.8697,-73.8203,60.33,71,53,6.11
214,Vanavara,RU,2022-01-24 16:44:53,60.34,102.2797,-9.47,100,98,2.75
215,Imeni Poliny Osipenko,RU,2022-01-24 16:44:54,52.4201,136.4853,-24.66,100,77,2.08
216,Coihaique,CL,2022-01-24 16:43:02,-45.5752,-72.0662,65.01,53,73,12.55
217,Portland,US,2022-01-24 16:42:37,45.5234,-122.6762,38.8,86,75,1.99
218,Longyearbyen,SJ,2022-01-24 16:44:54,78.2186,15.6401,15.64,73,100,18.41
219,Massakory,TD,2022-01-24 16:44:55,12.996,15.7293,79.02,10,0,9.31
220,Maumere,ID,2022-01-24 16:44:55,-8.6199,122.2111,80.35,84,100,10.11
221,Sao Bernardo,BR,2022-01-24 16:44:55,-3.3614,-42.4178,91.94,43,99,5.5
222,Hambantota,LK,2022-01-24 16:44:56,6.1241,81.1185,74.93,70,54,5.93
223,Tera,NE,2022-01-24 16:44:56,14.0078,0.7531,83.82,8,0,10.8
224,Yellowknife,CA,2022-01-24 16:44:57,62.456,-114.3525,-19.68,76,20,4.61
225,Kautokeino,NO,2022-01-24 16:44:57,69.0125,23.0412,15.26,85,43,13.71
226,Ilulissat,GL,2022-01-24 16:44:58,69.2167,-51.1,17.62,45,100,11.5
227,Garbolovo,RU,2022-01-24 16:44:58,60.3413,30.4955,33.01,94,100,14.05
228,Cuiluan,CN,2022-01-24 16:45:58,47.72,128.648,-1.86,99,99,1.07
229,Gayeri,BF,2022-01-24 16:45:59,12.6497,0.4931,86.52,8,0,10.45
230,Acari,PE,2022-01-24 16:45:59,-15.4311,-74.6158,82.13,58,71,11.1
231,Vao,NC,2022-01-24 16:45:59,-22.6667,167.4833,77.2,67,100,4.81
232,Surat Thani,TH,2022-01-24 16:46:00,9.1667,99.25,76.14,83,63,3.94
233,Zhigansk,RU,2022-01-24 16:45:34,66.7697,123.3711,-17.16,100,95,2.06
234,Skagen,DK,2022-01-24 16:46:00,57.7209,10.5839,44.1,91,97,25.03
235,Svetlyy,RU,2022-01-24 16:46:01,54.675,20.1347,36.97,98,100,13.49
236,Ghanzi,BW,2022-01-24 16:46:01,-21.5667,21.7833,78.96,34,40,14.16
237,Caluquembe,AO,2022-01-24 16:46:02,-13.7833,14.6833,66.9,70,88,5.41
238,Codrington,AU,2022-01-24 16:46:03,-38.2667,141.9667,70.57,55,100,6.44
239,Astana,KZ,2022-01-24 16:42:39,51.1801,71.446,-9.45,84,21,6.71
240,Lorengau,PG,2022-01-24 16:46:03,-2.0226,147.2712,80.82,79,26,3.87
241,Zyryanovsk,KZ,2022-01-24 16:46:04,49.7386,84.2719,-18.31,100,83,1.86
242,Broome,US,2022-01-24 16:46:04,42.2506,-75.833,20.62,69,53,3.0
243,Pokhara,NP,2022-01-24 16:46:05,28.2333,83.9833,52.63,67,98,1.23
244,Souillac,MU,2022-01-24 16:46:05,-20.5167,57.5167,79.18,69,40,14.97
245,Hailey,US,2022-01-24 16:46:05,43.5196,-114.3153,8.46,85,100,0.0
246,Saint-Paul,RE,2022-01-24 16:46:06,-21.0096,55.2707,78.91,81,42,1.63
247,Saint George,US,2022-01-24 16:46:06,37.1041,-113.5841,53.35,60,0,4.61
248,Erenhot,CN,2022-01-24 16:46:06,43.6475,111.9767,9.19,80,5,9.46
249,Severo-Kurilsk,RU,2022-01-24 16:46:07,50.6789,156.125,22.53,72,94,9.31
250,Hofn,IS,2022-01-24 16:46:07,64.2539,-15.2082,32.02,59,20,3.44
251,Sivaki,RU,2022-01-24 16:46:08,52.6333,126.75,-12.06,99,5,1.79
252,Kultayevo,RU,2022-01-24 16:46:08,57.8943,55.9392,10.38,85,0,8.99
253,Dabakala,CI,2022-01-24 16:46:08,8.3667,-4.4333,95.0,9,5,4.23
254,Galati,RO,2022-01-24 16:46:09,45.45,28.05,25.21,59,100,19.55
255,Tambopata,PE,2022-01-24 16:46:09,-12.7333,-69.1833,78.69,83,75,5.75
256,Athy,IE,2022-01-24 16:46:10,52.9914,-6.9803,44.08,88,78,6.06
257,Coquimbo,CL,2022-01-24 16:46:10,-29.9533,-71.3436,65.93,77,20,16.11
258,Blackwater,AU,2022-01-24 16:46:11,-23.5833,148.8833,74.97,71,100,10.54
259,Mahibadhoo,MV,2022-01-24 16:46:11,3.7833,72.9667,80.96,63,88,11.99
260,Qasigiannguit,GL,2022-01-24 16:46:11,68.8193,-51.1922,17.85,77,100,5.57
261,Tessalit,ML,2022-01-24 16:46:12,20.1986,1.0114,74.89,10,30,12.06
262,Constitucion,CL,2022-01-24 16:46:12,-35.3333,-72.4167,71.55,60,4,16.49
263,Oksovskiy,RU,2022-01-24 16:46:13,62.6062,39.8984,30.02,92,100,13.96
264,Torbay,CA,2022-01-24 16:43:15,47.6666,-52.7314,34.75,92,100,20.71
265,Viloco,BO,2022-01-24 16:46:13,-16.95,-67.55,46.96,88,100,6.62
266,Ngaoundere,CM,2022-01-24 16:46:14,7.3167,13.5833,77.95,18,1,8.72
267,Leshukonskoye,RU,2022-01-24 16:46:14,64.8989,45.7622,29.66,93,100,13.76
268,Bambous Virieux,MU,2022-01-24 16:46:14,-20.3428,57.7575,79.05,69,40,14.97
269,Inyonga,TZ,2022-01-24 16:46:15,-6.7167,32.0667,66.42,93,100,4.68
270,Espanola,US,2022-01-24 16:43:29,35.9911,-106.0806,46.63,46,0,6.26
271,Agirish,RU,2022-01-24 16:46:15,61.9247,63.0231,-0.35,98,68,4.05
272,Rioja,AR,2022-01-24 16:47:16,-29.4111,-66.8507,81.88,66,100,7.11
273,Kabanjahe,ID,2022-01-24 16:47:16,3.1001,98.4908,63.36,98,100,2.39
274,Flinders,AU,2022-01-24 16:47:16,-34.5833,150.8552,70.38,81,91,4.12
275,Saravan,AM,2022-01-24 16:47:17,39.7196,45.6483,19.99,78,45,6.76
276,Takoradi,GH,2022-01-24 16:47:17,4.8845,-1.7554,82.76,68,54,9.84
277,Marsa Matruh,EG,2022-01-24 16:47:18,31.3525,27.2453,52.0,58,0,6.91
278,Evensk,RU,2022-01-24 16:47:18,61.95,159.2333,-6.16,85,100,5.14
279,Ust-Ishim,RU,2022-01-24 16:47:18,57.6935,71.1665,12.83,93,100,6.4
280,Inhambane,MZ,2022-01-24 16:47:19,-23.865,35.3833,78.78,94,75,8.99
281,Smidovich,RU,2022-01-24 16:47:19,48.6,133.8167,-24.05,100,71,3.44
282,Talnakh,RU,2022-01-24 16:47:20,69.4865,88.3972,-5.53,98,100,11.05
283,Hasaki,JP,2022-01-24 16:47:20,35.7333,140.8333,32.4,57,4,18.52
284,Opuwo,NA,2022-01-24 16:47:20,-18.0607,13.84,87.33,21,63,16.84
285,Vila Franca Do Campo,PT,2022-01-24 16:47:21,37.7167,-25.4333,63.01,72,56,5.91
286,Lebu,CL,2022-01-24 16:47:21,-37.6167,-73.65,64.54,72,6,17.56
287,Saint-Joseph,RE,2022-01-24 16:47:22,-21.3667,55.6167,77.38,74,63,17.81
288,Jimma,ET,2022-01-24 16:47:22,7.6667,36.8333,65.95,54,63,1.54
289,Petropavlovsk-Kamchatskiy,RU,2022-01-24 16:42:49,53.0452,158.6483,0.19,66,40,11.18
290,Pangnirtung,CA,2022-01-24 16:47:23,66.1451,-65.7125,10.4,61,100,20.71
291,Wad Rawah,SD,2022-01-24 16:47:23,15.1603,33.1397,76.98,19,1,10.51
292,Taltal,CL,2022-01-24 16:47:23,-25.4,-70.4833,68.56,71,12,6.13
293,Kaitangata,NZ,2022-01-24 16:47:24,-46.2817,169.8464,45.12,93,86,4.25
294,Nalut,LY,2022-01-24 16:47:24,30.3333,10.85,49.59,43,16,9.73
295,Lagoa,PT,2022-01-24 16:47:25,39.05,-27.9833,58.44,66,97,6.33
296,Ridgecrest,US,2022-01-24 16:47:12,35.6225,-117.6709,53.65,28,0,5.01
297,Ambilobe,MG,2022-01-24 16:47:26,-13.2,49.05,70.95,98,100,3.42
298,Richards Bay,ZA,2022-01-24 16:47:26,-28.783,32.0377,76.26,73,9,14.07
299,Uspenka,UA,2022-01-24 16:47:26,48.3903,39.1619,19.2,97,99,9.04
300,Nagua,DO,2022-01-24 16:47:27,19.3832,-69.8474,85.44,74,20,11.5
301,College,US,2022-01-24 16:44:49,64.8569,-147.8028,39.52,78,75,6.91
302,Yumen,CN,2022-01-24 16:47:27,40.2833,97.2,20.1,44,52,6.64
303,Los Llanos De Aridane,ES,2022-01-24 16:47:28,28.6585,-17.9182,68.13,51,75,10.0
304,Krsko,SI,2022-01-24 16:47:28,45.9591,15.4917,34.59,86,75,6.91
305,Aklavik,CA,2022-01-24 16:47:28,68.2191,-135.0107,14.72,85,100,9.22
306,Kishtwar,IN,2022-01-24 16:47:29,33.3167,75.7667,29.66,84,78,5.3
307,Poros,GR,2022-01-24 16:47:29,37.4994,23.4536,36.36,89,100,30.47
308,Raudeberg,NO,2022-01-24 16:47:30,61.9875,5.1352,39.87,94,100,5.01
309,Namibe,AO,2022-01-24 16:47:30,-15.1961,12.1522,76.84,85,25,8.57
310,Roald,NO,2022-01-24 16:47:30,62.5833,6.1333,40.33,87,75,17.27
311,Khasan,RU,2022-01-24 16:47:31,42.4308,130.6434,21.54,61,100,4.32
312,Udachnyy,RU,2022-01-24 16:47:31,66.4167,112.4,-19.5,100,100,4.32
313,Atasu,KZ,2022-01-24 16:47:32,48.6814,71.6433,6.96,85,98,8.3
314,Mitu,CO,2022-01-24 16:47:32,1.1983,-70.1733,84.51,68,75,2.57
315,Campos,BR,2022-01-24 16:47:32,-21.75,-41.3,87.85,51,20,16.11
316,Mozarlandia,BR,2022-01-24 16:47:33,-14.7447,-50.5706,86.85,62,75,3.4
317,Mokhotlong,LS,2022-01-24 16:47:33,-29.2894,29.0675,59.43,77,81,2.66
318,Nouadhibou,MR,2022-01-24 16:48:33,20.931,-17.0347,71.58,73,20,10.36
319,Nerchinskiy Zavod,RU,2022-01-24 16:48:34,51.3088,119.61,-3.44,98,100,1.97
320,Blagoyevo,RU,2022-01-24 16:48:34,63.3667,47.9167,25.32,91,100,12.68
321,Laguna,US,2022-01-24 16:48:35,38.421,-121.4238,58.84,86,0,0.0
322,Marrakesh,MA,2022-01-24 16:46:27,31.6315,-8.0083,68.07,45,75,3.44
323,Qui Nhon,VN,2022-01-24 16:48:36,13.7667,109.2333,74.93,89,51,1.86
324,Norman Wells,CA,2022-01-24 16:48:36,65.282,-126.8329,6.84,85,75,5.75
325,Yeppoon,AU,2022-01-24 16:48:37,-23.1333,150.7333,74.98,68,100,8.03
326,San Policarpo,PH,2022-01-24 16:48:37,12.1791,125.5072,78.3,90,100,14.29
327,Kurchum,KZ,2022-01-24 16:48:37,48.5722,83.6542,-14.42,96,74,2.68
328,Vila,PT,2022-01-24 16:48:38,42.0304,-8.1588,46.74,62,1,2.21
329,Marawi,PH,2022-01-24 16:48:38,7.9986,124.2928,68.65,99,100,3.56
330,Morondava,MG,2022-01-24 16:48:39,-20.2833,44.2833,83.44,74,99,20.0
331,Ikom,NG,2022-01-24 16:48:39,5.9667,8.7063,92.71,19,19,4.21
332,Lewistown,US,2022-01-24 16:48:40,40.5992,-77.5714,30.97,68,0,0.0
333,Porterville,US,2022-01-24 16:44:24,36.0652,-119.0168,59.76,93,0,0.87
334,Dingle,PH,2022-01-24 16:48:40,10.9995,122.6711,74.71,92,98,8.08
335,Samarai,PG,2022-01-24 16:48:41,-10.6167,150.6667,82.38,77,61,12.24
336,Zhanakorgan,KZ,2022-01-24 16:48:41,43.9098,67.2495,26.76,82,4,5.3
337,Tabou,CI,2022-01-24 16:48:41,4.423,-7.3528,83.12,64,2,10.04
338,Mitsamiouli,KM,2022-01-24 16:48:42,-11.3847,43.2844,81.97,77,100,20.96
339,Ahipara,NZ,2022-01-24 16:48:42,-35.1667,173.1667,66.34,95,96,11.68
340,Rawson,AR,2022-01-24 16:48:42,-43.3002,-65.1023,73.6,33,0,9.75
341,Saint Anthony,US,2022-01-24 16:48:43,45.0205,-93.218,8.92,73,0,5.99
342,Palu,ID,2022-01-24 16:48:43,-0.8917,119.8707,76.5,94,84,1.41
343,Kondratovo,RU,2022-01-24 16:48:44,57.9804,56.1066,10.69,85,0,8.99
344,Koumac,NC,2022-01-24 16:48:44,-20.5667,164.2833,76.28,78,23,8.05
345,Mogok,MM,2022-01-24 16:48:44,22.9167,96.5,51.39,89,54,2.19
346,Cabo San Lucas,MX,2022-01-24 16:46:14,22.8909,-109.9124,72.52,58,42,2.51
347,Dergachi,RU,2022-01-24 16:48:45,51.2328,48.7659,10.4,91,100,8.95
348,La Ronge,CA,2022-01-24 16:45:25,55.1001,-105.2842,-25.35,62,75,1.14
349,Waingapu,ID,2022-01-24 16:48:45,-9.6567,120.2641,78.33,81,47,7.54
350,Wakkanai,JP,2022-01-24 16:48:46,45.4094,141.6739,22.86,60,100,4.5
351,Jinji,CN,2022-01-24 16:48:46,23.2281,110.8261,55.71,78,100,5.32
352,Izumo,JP,2022-01-24 16:48:47,35.3667,132.7667,42.75,75,82,5.06
353,Tadine,NC,2022-01-24 16:48:47,-21.55,167.8833,77.27,81,100,10.56
354,Tarata,BO,2022-01-24 16:48:47,-17.6167,-66.0167,68.07,48,91,4.54
355,Dalvik,IS,2022-01-24 16:48:48,65.9702,-18.5286,31.93,75,68,10.09
356,Mao,ES,2022-01-24 16:48:48,39.8885,4.2658,52.36,76,20,8.05
357,Sattahip,TH,2022-01-24 16:48:49,12.6664,100.9007,84.97,88,20,3.44
358,Beringovskiy,RU,2022-01-24 16:48:49,63.05,179.3167,-20.94,90,26,9.71
359,Matagami,CA,2022-01-24 16:47:33,49.7502,-77.6328,-5.69,77,100,4.61
360,Berlevag,NO,2022-01-24 16:48:50,70.8578,29.0864,28.4,93,20,33.38
361,Bubaque,GW,2022-01-24 16:49:50,11.2833,-15.8333,79.09,61,67,12.08
362,Bar Harbor,US,2022-01-24 16:45:54,44.3876,-68.2039,24.26,48,0,11.01
363,Bukachacha,RU,2022-01-24 16:49:51,52.9833,116.9167,0.5,95,100,2.62
364,Sao Filipe,CV,2022-01-24 16:49:51,14.8961,-24.4956,78.66,53,55,7.36
365,Burgeo,CA,2022-01-24 16:49:51,47.6167,-57.6152,34.7,96,100,14.2
366,Poum,NC,2022-01-24 16:49:52,-20.2333,164.0167,78.8,73,12,13.42
367,Olafsvik,IS,2022-01-24 16:49:52,64.8945,-23.7142,36.84,84,100,16.58
368,Maple Creek,CA,2022-01-24 16:49:53,49.9168,-109.4848,34.21,93,100,5.75
369,Hay River,CA,2022-01-24 16:47:05,60.8156,-115.7999,-4.02,71,75,1.14
370,Sechura,PE,2022-01-24 16:49:53,-5.5569,-80.8222,82.35,56,92,10.49
371,Safaga,EG,2022-01-24 16:49:54,26.7292,33.9365,62.55,47,71,10.63
372,Marsaxlokk,MT,2022-01-24 16:49:54,35.8419,14.5431,54.09,87,40,9.22
373,Kahului,US,2022-01-24 16:49:54,20.8947,-156.47,71.83,75,0,9.22
374,Donskoy,RU,2022-01-24 16:49:55,53.9711,38.3363,9.09,98,67,6.85
375,Sioux Lookout,CA,2022-01-24 16:49:55,50.1001,-91.917,-14.42,76,20,6.91
376,Atar,MR,2022-01-24 16:49:55,20.5169,-13.0499,84.51,11,100,10.71
377,Purnia,IN,2022-01-24 16:49:56,25.7833,87.4667,61.5,73,17,1.66
378,Tura,IN,2022-01-24 16:49:56,25.5198,90.2201,55.33,90,30,2.82
379,Seymour,US,2022-01-24 16:49:21,38.9592,-85.8903,37.96,64,99,11.99
380,Soskovo,RU,2022-01-24 16:49:57,52.7475,35.3828,10.58,96,69,9.35
381,Buraydah,SA,2022-01-24 16:49:07,26.326,43.975,64.85,31,0,12.84
382,Ponta Delgada,PT,2022-01-24 16:49:57,37.7333,-25.6667,63.32,55,20,11.5
383,Port Lincoln,AU,2022-01-24 16:49:58,-34.7333,135.8667,68.16,90,53,5.53
384,Warburg,DE,2022-01-24 16:49:58,51.5,9.1667,39.49,93,100,6.91
385,Hengyang,CN,2022-01-24 16:49:59,26.8881,112.615,39.72,90,97,4.61
386,Kudahuvadhoo,MV,2022-01-24 16:49:59,2.6708,72.8944,81.01,66,81,12.68
387,Keti Bandar,PK,2022-01-24 16:49:59,24.1447,67.4497,66.2,36,0,4.68
388,Maceio,BR,2022-01-24 16:49:28,-9.6658,-35.7353,92.64,52,40,13.8
389,Uren,RU,2022-01-24 16:50:00,57.4552,45.7852,2.86,100,82,4.23
390,Naryan-Mar,RU,2022-01-24 16:50:00,67.6713,53.087,19.65,92,100,23.6
391,Sabha,LY,2022-01-24 16:50:01,27.0377,14.4283,53.38,36,5,6.26
392,Glace Bay,CA,2022-01-24 16:50:02,46.1969,-59.957,29.8,94,100,5.99
393,Jackson,US,2022-01-24 16:47:54,42.4165,-122.8345,29.35,93,0,0.0
394,Tongren,CN,2022-01-24 16:50:03,27.7172,109.1853,37.22,99,100,3.6
395,Carutapera,BR,2022-01-24 16:50:04,-1.195,-46.02,84.16,58,100,7.83
396,Tuatapere,NZ,2022-01-24 16:50:04,-46.1333,167.6833,45.46,94,88,1.92
397,Itarema,BR,2022-01-24 16:50:05,-2.9248,-39.9167,87.31,56,85,13.53
398,Masuguru,TZ,2022-01-24 16:50:05,-11.3667,38.4167,74.5,91,100,7.18
399,Brae,GB,2022-01-24 16:50:06,60.3964,-1.353,44.51,65,88,16.6
400,Ipira,BR,2022-01-24 16:50:06,-12.1583,-39.7372,86.83,47,65,11.59
401,Iquitos,PE,2022-01-24 16:50:06,-3.7481,-73.2472,80.64,83,75,3.44
402,Kruisfontein,ZA,2022-01-24 16:50:07,-34.0033,24.7314,74.88,79,17,16.8
403,Asaba,NG,2022-01-24 16:50:07,6.2006,6.7338,94.42,15,2,5.19
404,Urengoy,RU,2022-01-24 16:50:08,65.9667,78.3667,-7.02,100,95,8.86
405,Poughkeepsie,US,2022-01-24 16:50:08,41.7004,-73.921,31.06,62,20,1.01
406,Shegaon,IN,2022-01-24 16:50:09,20.7833,76.6833,62.89,41,0,6.96
407,Noumea,NC,2022-01-24 16:50:09,-22.2763,166.4572,79.0,99,96,2.26
408,Natchitoches,US,2022-01-24 16:50:09,31.7668,-93.1335,52.65,81,100,0.0
409,Kedrovyy,RU,2022-01-24 16:51:10,56.1667,91.8167,7.21,96,100,5.77
410,Turayf,SA,2022-01-24 16:51:10,31.6725,38.6637,46.65,61,20,6.91
411,Sujangarh,IN,2022-01-24 16:51:11,27.7011,74.4649,56.77,52,6,4.45
412,Puerto Escondido,MX,2022-01-24 16:51:11,15.85,-97.0667,83.71,49,0,5.1
413,Konakovo,RU,2022-01-24 16:51:11,56.7,36.7667,6.94,97,45,5.28
414,Miandoab,IR,2022-01-24 16:51:12,36.9694,46.1027,32.38,78,1,4.59
415,Bandarbeyla,SO,2022-01-24 16:51:12,9.4942,50.8122,74.86,66,77,21.7
416,Tolaga Bay,NZ,2022-01-24 16:50:10,-38.3667,178.3,63.18,91,100,6.38
417,Tahta,EG,2022-01-24 16:51:13,26.7693,31.5021,57.52,38,29,7.61
418,Belaya Gora,RU,2022-01-24 16:51:13,68.5333,146.4167,-25.44,99,99,4.7
419,Camacupa,AO,2022-01-24 16:51:14,-12.0167,17.4833,67.68,82,82,3.62
420,Grand Island,US,2022-01-24 16:47:41,40.925,-98.342,45.61,57,75,5.99
421,Springfield,US,2022-01-24 16:49:27,37.2153,-93.2982,54.54,47,0,1.01
422,Kismayo,SO,2022-01-24 16:51:14,-0.3582,42.5454,78.37,79,66,19.62
423,Venice,US,2022-01-24 16:50:52,27.0998,-82.4543,62.28,66,0,1.99
424,Susehri,TR,2022-01-24 16:51:15,40.1644,38.0867,22.01,95,100,4.41
425,Lompoc,US,2022-01-24 16:51:16,34.6391,-120.4579,69.08,73,0,15.01
426,Kasongo-Lunda,CD,2022-01-24 16:51:16,-6.4667,16.8167,74.46,90,60,2.35
427,Hoa Binh,VN,2022-01-24 16:51:17,20.8133,105.3383,69.69,91,59,2.57
428,Yima,CN,2022-01-24 16:51:17,34.7381,111.8839,32.88,81,11,2.66
429,Bilibino,RU,2022-01-24 16:51:17,68.0546,166.4372,-42.18,100,100,1.77
430,Chernyshevskiy,RU,2022-01-24 16:51:18,63.0128,112.4714,-4.29,99,99,2.06
431,Jalu,LY,2022-01-24 16:51:18,29.0331,21.5482,54.1,56,57,7.34
432,Makakilo City,US,2022-01-24 16:51:19,21.3469,-158.0858,71.92,74,75,4.61
433,Solikamsk,RU,2022-01-24 16:51:19,59.6196,56.7729,8.78,96,90,7.4
434,Igrim,RU,2022-01-24 16:51:20,63.1906,64.4162,0.45,98,68,4.76
435,Novoagansk,RU,2022-01-24 16:51:20,61.9449,76.6625,-3.37,100,100,4.65
436,Kaifeng,CN,2022-01-24 16:51:20,34.7911,114.3483,32.86,75,12,3.47
437,Burns Lake,CA,2022-01-24 16:51:21,54.2331,-125.7533,20.62,99,100,0.16
438,Kalmunai,LK,2022-01-24 16:51:21,7.4167,81.8167,74.77,72,83,3.65
439,Smithers,CA,2022-01-24 16:51:22,54.7804,-127.1743,30.52,100,100,2.3
440,Macae,BR,2022-01-24 16:51:22,-22.3708,-41.7869,87.67,62,40,14.97
441,Inuvik,CA,2022-01-24 16:51:22,68.3499,-133.7218,14.76,89,0,8.05
442,San Andres,CO,2022-01-24 16:51:23,12.5847,-81.7006,84.22,65,40,16.11
443,Pitimbu,BR,2022-01-24 16:51:23,-7.4706,-34.8086,88.39,62,24,10.56
444,Barra Patuca,HN,2022-01-24 16:51:24,15.8,-84.2833,79.12,79,44,10.02
445,Wukari,NG,2022-01-24 16:51:24,7.85,9.7833,90.37,11,8,6.26
446,Pleasanton,US,2022-01-24 16:49:35,37.6624,-121.8747,57.33,85,0,1.01
447,Pincher Creek,CA,2022-01-24 16:46:57,49.4833,-113.952,32.36,74,100,3.44
448,Matara,LK,2022-01-24 16:51:25,5.9485,80.5353,74.32,83,34,3.94
449,Carballo,ES,2022-01-24 16:51:25,43.213,-8.691,54.86,70,49,2.3
450,Chumikan,RU,2022-01-24 16:51:26,54.7183,135.315,-4.2,91,7,17.18
451,Serramanna,IT,2022-01-24 16:51:26,39.4244,8.9244,55.2,67,20,6.91
452,Beya,RU,2022-01-24 16:52:27,53.0533,90.9139,-0.76,96,76,4.23
453,Culpeper,US,2022-01-24 16:52:27,38.5004,-77.9664,40.14,58,0,5.99
454,Kokopo,PG,2022-01-24 16:52:28,-4.352,152.2633,77.85,85,94,5.46
455,Sao Joao Da Barra,BR,2022-01-24 16:52:28,-21.6403,-41.0511,87.89,77,44,13.67
456,Conil,FR,2022-01-24 16:52:29,44.9673,3.7177,32.86,68,0,0.67
457,Babanka,UA,2022-01-24 16:52:29,48.7097,30.4483,21.16,85,100,17.9
458,Ust-Kuyga,RU,2022-01-24 16:52:29,70.0167,135.6,-14.06,100,100,4.18
459,Mendi,PG,2022-01-24 16:52:30,-6.1761,143.6513,55.6,98,98,2.77
460,Qostanay,KZ,2022-01-24 16:52:30,53.1667,63.5833,-12.71,84,0,2.24
461,Harindanga,IN,2022-01-24 16:52:31,22.0383,88.3214,66.18,89,26,5.73
462,Grinnell,US,2022-01-24 16:52:24,41.743,-92.7224,34.99,84,100,8.01
463,Mocuba,MZ,2022-01-24 16:52:31,-16.8392,36.9856,74.71,97,100,19.48
464,Jurm,AF,2022-01-24 16:52:32,36.8648,70.8342,18.64,50,1,6.31
465,Cap Malheureux,MU,2022-01-24 16:52:32,-19.9842,57.6142,79.29,71,48,7.0
466,Brookhaven,US,2022-01-24 16:52:33,31.5791,-90.4407,54.81,58,88,5.53
467,Santa Rita,BR,2022-01-24 16:52:33,-7.1139,-34.9781,88.47,58,40,10.36
468,Broken Hill,AU,2022-01-24 16:52:33,-31.95,141.4333,73.11,73,75,5.75
469,Ibra,OM,2022-01-24 16:52:34,22.6906,58.5334,67.95,35,0,5.64
470,Yulara,AU,2022-01-24 16:52:34,-25.2406,130.9889,78.64,44,0,5.75
471,Bougouni,ML,2022-01-24 16:52:35,11.417,-7.479,90.91,8,47,6.04
472,Arya,PK,2022-01-24 16:52:35,33.6,73.0667,52.23,81,7,2.26
473,Hermon,US,2022-01-24 16:52:36,44.8101,-68.9134,24.1,54,43,1.01
474,Cotonou,BJ,2022-01-24 16:52:36,6.3654,2.4183,85.98,70,3,11.5
475,Vardo,NO,2022-01-24 16:52:36,70.3705,31.1107,30.4,74,0,17.27
476,Port Arthur,CN,2022-01-24 16:52:37,38.8,121.2667,21.42,56,4,12.26
477,Aljezur,PT,2022-01-24 16:52:37,37.3191,-8.8033,56.25,79,79,2.66
478,Armidale,AU,2022-01-24 16:52:37,-30.5167,151.65,59.81,97,54,3.83
479,Meulaboh,ID,2022-01-24 16:52:38,4.1363,96.1285,76.39,86,67,2.59
480,Townsville,AU,2022-01-24 16:52:25,-19.25,146.8,79.68,78,100,8.05
481,Longonjo,AO,2022-01-24 16:52:39,-12.9067,15.2533,67.35,83,93,3.31
482,Ternate,ID,2022-01-24 16:52:39,0.8,127.4,80.53,83,79,6.24
483,Luangwa,ZM,2022-01-24 16:52:39,-15.6167,30.4167,72.19,88,100,1.3
484,Gewane,ET,2022-01-24 16:52:40,10.1664,40.6453,84.11,24,100,12.64
485,Mayor Pablo Lagerenza,PY,2022-01-24 16:52:40,-19.9309,-60.7718,104.16,24,36,8.79
486,Athabasca,CA,2022-01-24 16:52:40,54.7169,-113.2854,15.49,95,97,3.78
487,Marzuq,YE,2022-01-24 16:52:41,14.4,46.4667,66.27,48,36,3.29
488,Valday,RU,2022-01-24 16:52:41,57.9747,33.2525,20.12,86,84,10.2
489,Bamberg,DE,2022-01-24 16:52:42,49.8795,10.8863,39.16,90,28,2.55
490,Lufilufi,WS,2022-01-24 16:52:42,-13.8745,-171.5986,74.98,78,95,7.16
491,Betong,TH,2022-01-24 16:52:42,5.7743,101.0723,71.06,98,100,1.97
492,Chapais,CA,2022-01-24 16:47:45,49.7834,-74.8492,-9.62,89,100,8.84
493,Westport,US,2022-01-24 16:52:43,41.1415,-73.3579,32.95,62,97,1.01
494,Nara,JP,2022-01-24 16:52:43,34.6851,135.8049,35.98,70,42,1.77
495,Saint-Felix-De-Valois,CA,2022-01-24 16:52:44,46.1668,-73.4324,6.76,100,85,1.01
496,Carbonear,CA,2022-01-24 16:53:44,47.7332,-53.2148,35.6,84,95,15.77
497,Karratha,AU,2022-01-24 16:53:44,-20.7377,116.8463,84.0,75,20,14.2
498,Gisborne,NZ,2022-01-24 16:53:45,-38.6533,178.0042,63.95,93,100,5.41
499,Sungurlu,TR,2022-01-24 16:53:45,40.1675,34.3739,19.04,92,99,3.78
500,Oboyan,RU,2022-01-24 16:53:46,51.2098,36.2792,23.14,95,97,10.31
501,Chipata,ZM,2022-01-24 16:53:46,-13.6333,32.65,63.28,95,100,4.9
502,Buenos Aires,AR,2022-01-24 16:53:46,-34.6132,-58.3772,86.99,71,75,6.91
503,Moranbah,AU,2022-01-24 16:53:47,-22.0016,148.0466,77.11,62,100,5.35
504,Inverell,AU,2022-01-24 16:53:47,-29.7833,151.1167,65.66,90,46,3.58
505,Luau,AO,2022-01-24 16:53:47,-10.7073,22.2247,70.92,77,53,1.41
506,Senador Guiomard,BR,2022-01-24 16:52:12,-10.1522,-67.7392,85.75,71,68,4.23
507,Ladario,BR,2022-01-24 16:53:48,-19.0047,-57.6017,104.47,27,24,4.14
508,San Cristobal,VE,2022-01-24 16:53:49,7.7669,-72.225,75.38,46,63,6.98
509,Huangzhai,CN,2022-01-24 16:53:49,38.0751,112.6595,30.61,84,36,2.55
510,Half Moon Bay,US,2022-01-24 16:53:50,37.4636,-122.4286,57.18,70,0,0.0
511,Lauingen,DE,2022-01-24 16:53:50,48.5677,10.4271,37.49,83,11,4.99
512,Itoman,JP,2022-01-24 16:53:50,26.1247,127.6694,66.22,77,100,6.91
513,Sitrah,BH,2022-01-24 16:53:51,26.1547,50.6206,64.62,55,0,5.75
514,Sur,OM,2022-01-24 16:53:51,22.5667,59.5289,69.08,63,0,11.18
515,Itoigawa,JP,2022-01-24 16:53:51,37.0333,137.85,29.68,74,63,6.24
516,Namatanai,PG,2022-01-24 16:53:52,-3.6667,152.4333,79.34,82,44,2.3
517,Lubao,PH,2022-01-24 16:53:52,14.9167,120.55,80.62,85,62,4.79
518,Nizwa,OM,2022-01-24 16:53:53,22.9333,57.5333,66.9,35,0,2.1
519,Ramsar,IR,2022-01-24 16:53:53,36.9226,50.6426,45.84,87,0,0.0
520,Esperance,AU,2022-01-24 16:53:53,-33.8667,121.9,62.44,87,29,10.54
521,Sola,VU,2022-01-24 16:53:54,-13.8833,167.55,83.53,74,100,7.56
522,Washougal,US,2022-01-24 16:53:54,45.5826,-122.3534,40.23,93,75,0.0
523,Mosquera,CO,2022-01-24 16:52:04,4.7059,-74.2302,66.29,52,75,3.44
524,Pinega,RU,2022-01-24 16:53:55,64.7001,43.3936,31.86,92,100,14.83
525,Krasnoselkup,RU,2022-01-24 16:53:55,65.7,82.4667,-10.77,100,100,8.23
526,Malakal,SS,2022-01-24 16:53:56,9.5334,31.6605,83.16,19,69,6.15
527,Neiafu,TO,2022-01-24 16:53:56,-18.65,-173.9833,75.88,94,20,0.0
528,Alice Springs,AU,2022-01-24 16:53:56,-23.7,133.8833,81.95,65,70,11.5
529,Kiruna,SE,2022-01-24 16:53:57,67.8557,20.2251,20.32,79,17,11.5
530,Saint-Dizier,FR,2022-01-24 16:53:57,48.4167,5.0833,40.6,84,0,5.32
531,Harper,LR,2022-01-24 16:53:58,4.375,-7.7169,83.1,65,2,11.05
532,Jiaocheng,CN,2022-01-24 16:53:58,24.6774,116.1389,56.84,81,95,3.85
533,Vostok,RU,2022-01-24 16:53:58,46.4856,135.8833,-12.01,99,83,4.81
534,Qianan,CN,2022-01-24 16:53:59,44.9932,124.0581,-1.17,96,100,3.11
535,Chara,RU,2022-01-24 16:53:59,56.9064,118.2631,-12.78,71,73,1.41
536,Nikolsk,RU,2022-01-24 16:54:00,53.7189,46.0712,5.68,97,73,6.31
537,Palana,RU,2022-01-24 16:54:00,59.1167,159.9667,-13.63,99,87,5.06
538,Nicoya,CR,2022-01-24 16:54:01,10.1483,-85.452,85.55,37,35,9.24
539,Bell Ville,AR,2022-01-24 16:54:01,-32.6259,-62.6887,86.67,56,93,5.61
540,Savannakhet,LA,2022-01-24 16:54:01,16.566,104.751,72.66,48,7,3.89
541,La Foa,NC,2022-01-24 16:55:02,-21.7108,165.8276,71.46,80,81,3.51
542,Kogon,UZ,2022-01-24 16:55:02,39.7228,64.5517,33.84,93,21,6.91
543,Taranagar,IN,2022-01-24 16:55:03,28.6709,75.0351,57.81,61,39,4.07
544,Turukhansk,RU,2022-01-24 16:55:03,65.8167,87.9833,-19.52,100,99,3.18
545,Lata,PT,2022-01-24 16:55:04,40.1629,-8.3327,56.91,61,0,2.51
546,Sept-Iles,CA,2022-01-24 16:53:02,50.2001,-66.3821,3.06,69,20,3.0
547,Iskateley,RU,2022-01-24 16:55:04,67.6803,53.1512,19.33,92,100,23.69
548,Fort-Shevchenko,KZ,2022-01-24 16:55:04,44.5086,50.263,38.23,65,100,20.8
549,Haripur,PK,2022-01-24 16:55:05,34.0,72.9341,51.75,81,14,3.02
550,Kununurra,AU,2022-01-24 16:55:05,-15.7667,128.7333,76.98,94,75,9.22
551,Auki,SB,2022-01-24 16:55:06,-8.7676,160.7034,79.16,87,78,4.29
552,Kosonsoy,UZ,2022-01-24 16:55:06,41.2561,71.5508,28.96,42,0,6.13
553,Quatre Cocos,MU,2022-01-24 16:55:07,-20.2078,57.7625,78.91,71,83,21.07
554,Mildura,AU,2022-01-24 16:55:07,-34.2,142.15,80.56,41,72,0.0
555,Huanren,CN,2022-01-24 16:55:07,41.2647,125.3667,11.79,92,89,1.59
556,Ocean City,US,2022-01-24 16:55:08,39.2776,-74.5746,37.98,54,7,5.01
557,Los Algarrobos,PA,2022-01-24 16:55:08,8.5,-82.4333,86.41,51,40,4.61
558,Marsh Harbour,BS,2022-01-24 16:55:09,26.5412,-77.0636,68.72,74,84,11.61
559,Caraballeda,VE,2022-01-24 16:55:09,10.6112,-66.8522,86.36,58,20,8.05
560,Mwaya,TZ,2022-01-24 16:55:09,-9.55,33.95,77.04,75,100,4.81
561,Latung,PH,2022-01-24 16:55:10,5.5,120.8833,81.68,82,94,14.9
562,Maralal,KE,2022-01-24 16:55:10,1.0968,36.698,64.49,52,90,8.32
563,Gunjur,GM,2022-01-24 16:55:11,13.2019,-16.7339,91.47,17,97,11.5
564,Aquiraz,BR,2022-01-24 16:55:11,-3.9014,-38.3911,86.09,60,100,10.09
565,Sandpoint,US,2022-01-24 16:55:12,48.2766,-116.5533,30.94,94,100,0.0
566,Hami,CN,2022-01-24 16:55:12,42.8,93.45,25.29,50,99,2.24
567,Leh,IN,2022-01-24 16:51:19,34.1667,77.5833,1.99,87,84,2.86
568,Bulgan,MN,2022-01-24 16:55:12,48.8125,103.5347,-3.46,95,46,3.87
569,Vagur,FO,2022-01-24 16:55:13,61.4732,-6.8119,43.9,69,91,16.53
570,Saint-Honore,CA,2022-01-24 16:55:13,48.5334,-71.0824,-1.95,72,98,1.14
571,Rafsanjan,IR,2022-01-24 16:52:17,30.4067,55.9939,49.75,32,0,4.45
572,Nhulunbuy,AU,2022-01-24 16:55:14,-12.2333,136.7667,79.41,94,40,6.91
573,Te Anau,NZ,2022-01-24 16:55:14,-45.4167,167.7167,45.99,94,46,0.27
574,Taiyuan,CN,2022-01-24 16:55:15,37.8694,112.5603,31.86,86,100,4.47
575,Kupang,ID,2022-01-24 16:55:15,-10.1667,123.5833,79.38,94,40,3.44
